net,length_um
_168_,393.5
net68,362.59
_161_,329.05
net88,304.3
clknet_0_clk,285.42
net41,239.565
_246_,221.4
_286_,215.14
net87,211.68
_301_,210.5
_305_,206.36
_170_,201.57
_279_,201.49
_243_,200.49
u_bank_manager.query_bank\[0\],197.33
_299_,196.405
_118_,196.26
_285_,192.01
_307_,191.57
_119_,189.92
_302_,185.63
net85,181.16
_311_,180.69
_283_,179.08
_308_,177.66
_313_,155.91
net77,139.1
_282_,138.28
_151_,130.835
net70,128
net73,126.265
net24,125.54
net2,123.86
_150_,122.2
net80,121.18
net25,118.26
_169_,116.09
_160_,116
net78,115.58
net72,113.16
u_bank_manager.query_bank\[1\],110.46
net79,108.76
net40,106.845
net39,104.38
net37,102.7
u_command_generator.request_row_reg\[7\],98.2
net69,94.96
_215_,94.36
clknet_4_0_0_clk,93.57
_154_,90.62
u_command_generator.state\[0\],90.06
clknet_4_7_0_clk,89.32
net14,89.24
u_command_generator.req_pending,88.275
_329_,83.16
_137_,77.58
net86,73.88
clk,72.51
_205_,71.9
net71,70.7
clknet_4_9_0_clk,68
net74,67.86
u_command_generator.request_column_reg\[2\],66.14
_304_,65.81
u_command_generator.request_column_reg\[4\],65.52
clknet_4_10_0_clk,65.1
net6,64
clknet_4_5_0_clk,63.98
net7,63.66
net84,63.05
net76,62.815
net10,62.58
clknet_4_6_0_clk,62.34
net75,59.12
_142_,57.72
clknet_4_3_0_clk,57.58
clknet_4_11_0_clk,56.72
clknet_4_1_0_clk,56.48
_153_,56.46
u_sdram_init.state\[0\],55.26
_280_,53.88
clknet_4_8_0_clk,53.38
u_command_generator.request_row_reg\[5\],53.3
net12,53.04
clknet_4_12_0_clk,52.9
_212_,52.77
_316_,51.72
_288_,51.46
_166_,51.42
u_sdram_init.delay_counter\[0\],50.1
_149_,50.04
u_command_generator.request_row_reg\[2\],49.96
_001_,49.32
u_command_generator.request_row_reg\[3\],48.24
clknet_4_2_0_clk,47.56
_000_,47.54
_216_,47.16
clknet_4_4_0_clk,47.12
u_sdram_init.delay_counter\[1\],45.76
_128_,44.34
_310_,44.2
net23,43.74
_298_,43.66
clknet_4_15_0_clk,43.34
net81,43.32
_132_,43.28
u_sdram_init.delay_counter\[5\],41.72
_130_,41.04
u_command_generator.state\[5\],40.6
_293_,40.425
_278_,39.44
_284_,39.425
u_sdram_init.delay_counter\[4\],39.22
_300_,38.02
clknet_4_14_0_clk,38.02
net17,37.5
_163_,36.34
net13,36.3
_344_,36.24
net1,36.2
clknet_4_13_0_clk,36.02
read_request,35.45
_275_,34.7
u_command_generator.request_row_reg\[6\],33.98
net11,33.9
_290_,33.64
_116_,33.2
u_sdram_init.delay_counter\[3\],33.14
_171_,32.52
_126_,32.16
net83,31.74
_146_,31.59
u_command_generator.state\[6\],31.58
u_sdram_init.state\[2\],31.26
_007_,30.975
u_sdram_init.delay_counter\[2\],30.68
net19,29.68
u_command_generator.request_row_reg\[8\],29.49
u_command_generator.request_row_reg\[11\],29.48
_123_,29.3
_348_,28.9
u_sdram_init.delay_counter\[9\],28.81
net8,28.54
_158_,28.08
_139_,27.94
_330_,27.68
u_command_generator.request_row_reg\[10\],26.68
_339_,26.44
u_command_generator.state\[1\],26.22
u_command_generator.precharge_for_miss,25.96
u_sdram_init.delay_counter\[13\],25.84
bank_cmd[0],25.83
net27,25.28
u_command_generator.delay_counter\[1\],25.1
_162_,24.56
u_sdram_init.delay_counter\[11\],24.38
u_bank_manager.active_row_reg\[0\]\[5\],24.16
_131_,23.54
_306_,23.47
u_command_generator.delay_counter\[2\],23.32
_188_,22.96
_291_,22.38
_214_,22.32
net16,22.06
net38,21.48
u_bank_manager.bank_open_reg\[2\],21.345
u_command_generator.delay_counter\[0\],21.3
net96,20.64
u_bank_manager.active_row_reg\[0\]\[0\],20.62
u_bank_manager.active_row_reg\[0\]\[3\],20.22
u_sdram_init.delay_counter\[6\],20.14
net93,20.05
u_sdram_init.delay_counter\[10\],20
row_cmd[4],19.8
_125_,19.76
_209_,19.7
_312_,19.69
u_command_generator.state\[7\],19.5
_140_,19.1
u_command_generator.request_row_reg\[4\],18.98
u_command_generator.request_row_reg\[9\],18.74
u_bank_manager.active_row_reg\[0\]\[2\],18.68
read_data[7],18.54
_129_,18.22
address[8],17.9
u_bank_manager.active_row_reg\[0\]\[8\],17.9
_088_,17.685
_159_,17.68
_317_,17.6
u_command_generator.delay_counter\[3\],17.4
net97,17.38
u_bank_manager.active_row_reg\[3\]\[4\],17.16
u_sdram_init.delay_counter\[7\],17.04
u_bank_manager.active_row_reg\[1\]\[10\],16.94
_181_,16.62
u_bank_manager.active_row_reg\[3\]\[11\],16.38
_147_,16.36
u_bank_manager.active_row_reg\[3\]\[10\],16.36
_327_,16.22
u_sdram_init.delay_counter\[15\],16.18
net21,16.18
_183_,16
_070_,15.985
_144_,15.72
read_data[6],15.62
_157_,15.6
_326_,15.44
_164_,15.34
read_cmd,15.27
read_data[27],15.24
_134_,15.16
_083_,15.065
_064_,14.885
u_bank_manager.active_row_reg\[2\]\[1\],14.875
u_bank_manager.active_row_reg\[2\]\[6\],14.85
column_cmd[4],14.78
read_data[30],14.78
read_data[31],14.78
read_data[3],14.78
net20,14.46
u_bank_manager.active_row_reg\[3\]\[6\],14.4
u_sdram_init.state\[1\],14.36
_273_,14.355
_069_,14.325
u_bank_manager.active_row_reg\[2\]\[3\],14.065
u_command_generator.request_column_reg\[5\],14.04
u_bank_manager.bank_open_reg\[0\],13.92
_337_,13.9
column_cmd[7],13.86
row_cmd[5],13.86
u_bank_manager.active_row_reg\[1\]\[9\],13.76
column_cmd[1],13.71
_295_,13.56
u_command_generator.request_column_reg\[0\],13.46
u_bank_manager.active_row_reg\[1\]\[8\],13.38
net33,13.2
u_bank_manager.active_row_reg\[0\]\[7\],13.16
u_bank_manager.active_row_reg\[2\]\[0\],13.045
u_bank_manager.active_row_reg\[3\]\[7\],13
_081_,12.925
address[12],12.7
address[14],12.7
address[17],12.7
address[18],12.7
address[9],12.7
u_command_generator.request_column_reg\[3\],12.7
net111,12.7
_078_,12.665
u_bank_manager.active_row_reg\[2\]\[5\],12.65
read_data[19],12.62
read_data[2],12.62
_259_,12.58
u_command_generator.request_row_reg\[1\],12.58
u_bank_manager.active_row_reg\[3\]\[2\],12.56
_120_,12.54
read_data[13],12.48
read_data[26],12.48
row_cmd[3],12.48
net91,12.38
_086_,12.305
u_bank_manager.active_row_reg\[0\]\[9\],12.24
u_bank_manager.active_row_reg\[2\]\[10\],12.225
read_data[5],12.18
_362_,12.16
u_bank_manager.active_row_reg\[2\]\[4\],12.15
u_sdram_init.delay_counter\[14\],12.12
u_bank_manager.active_row_reg\[2\]\[7\],12.1
u_bank_manager.active_row_reg\[0\]\[11\],12
u_bank_manager.active_row_reg\[2\]\[11\],11.99
net4,11.86
u_bank_manager.active_row_reg\[2\]\[8\],11.845
_114_,11.785
address[13],11.78
_211_,11.62
column_cmd[5],11.56
u_bank_manager.active_row_reg\[3\]\[1\],11.54
net29,11.52
net32,11.44
read_data[12],11.33
read_data[16],11.26
read_data[28],11.26
_053_,11.245
_167_,11.2
_210_,11.2
read_data[1],11.15
net90,11.1
u_bank_manager.active_row_reg\[2\]\[2\],11.005
_356_,10.92
net119,10.86
_281_,10.82
net138,10.82
_194_,10.78
net129,10.78
_315_,10.74
_359_,10.74
refresh_cmd,10.64
u_bank_manager.active_row_reg\[1\]\[5\],10.62
u_bank_manager.active_row_reg\[1\]\[7\],10.54
_294_,10.5
_058_,10.485
_217_,10.28
u_bank_manager.active_row_reg\[3\]\[5\],10.2
_322_,10.16
u_bank_manager.bank_open_reg\[3\],10.16
_059_,10.065
row_cmd[1],9.88
u_bank_manager.active_row_reg\[0\]\[1\],9.84
u_bank_manager.active_row_reg\[0\]\[4\],9.8
u_sdram_init.delay_counter\[12\],9.73
address[15],9.64
address[3],9.64
activate_cmd,9.63
u_bank_manager.active_row_reg\[3\]\[0\],9.62
_323_,9.52
u_bank_manager.active_row_reg\[0\]\[6\],9.52
u_bank_manager.active_row_reg\[1\]\[4\],9.48
u_bank_manager.active_row_reg\[3\]\[9\],9.46
_090_,9.405
_122_,9.4
_349_,9.4
_004_,9.385
_091_,9.245
net3,9.22
_072_,9.185
_221_,9.18
_271_,9.155
_227_,9.14
_240_,9.08
u_bank_manager.bank_open_reg\[1\],8.98
column_cmd[6],8.96
read_data[15],8.96
read_data[9],8.96
_071_,8.945
u_bank_manager.active_row_reg\[1\]\[6\],8.94
_244_,8.9
u_command_generator.request_column_reg\[7\],8.82
_321_,8.78
u_bank_manager.active_row_reg\[1\]\[1\],8.78
_076_,8.765
_190_,8.74
_016_,8.735
address[11],8.72
address[19],8.72
net95,8.72
reset,8.72
net122,8.7
_143_,8.64
_179_,8.62
net110,8.62
_206_,8.56
_347_,8.56
net5,8.56
_113_,8.525
_241_,8.48
precharge_all_cmd,8.47
net34,8.44
net146,8.4
u_bank_manager.active_row_reg\[3\]\[8\],8.355
u_bank_manager.active_row_reg\[1\]\[11\],8.32
_085_,8.305
net22,8.3
net141,8.29
_343_,8.26
_260_,8.1
net26,8.1
_055_,7.98
_208_,7.98
u_command_generator.request_row_reg\[0\],7.98
net48,7.98
net50,7.98
net57,7.98
net58,7.98
net62,7.98
_124_,7.94
_342_,7.94
net109,7.94
u_bank_manager.active_row_reg\[1\]\[3\],7.9
u_bank_manager.active_row_reg\[2\]\[9\],7.89
_287_,7.88
_186_,7.78
_075_,7.695
_236_,7.68
_156_,7.615
_148_,7.6
_334_,7.58
column_cmd[2],7.58
init_done,7.58
row_cmd[0],7.58
row_cmd[6],7.58
_341_,7.56
_073_,7.465
_335_,7.46
_289_,7.44
net103,7.44
_193_,7.36
_061_,7.345
_066_,7.345
net56,7.3
net61,7.3
net45,7.26
net98,7.22
net134,7.22
_277_,7.2
u_bank_manager.active_row_reg\[3\]\[3\],7.2
net137,7.18
_352_,7.1
u_bank_manager.active_row_reg\[0\]\[10\],7.1
_197_,7.06
_220_,7.06
_249_,7.06
net116,7.06
u_sdram_init.delay_counter\[8\],7.055
_219_,6.96
_043_,6.885
_175_,6.86
u_command_generator.request_column_reg\[6\],6.76
_187_,6.64
_239_,6.64
_224_,6.6
_231_,6.6
_265_,6.6
_355_,6.52
_067_,6.485
_248_,6.4
_353_,6.4
_196_,6.32
address[16],6.31
address[5],6.31
_012_,6.3
net15,6.3
net18,6.3
net123,6.3
net144,6.26
_002_,6.225
_063_,6.185
_261_,6.18
net36,6.14
_180_,6.08
u_bank_manager.active_row_reg\[1\]\[2\],6.06
_092_,6.025
address[23],5.97
address[4],5.97
net28,5.92
_087_,5.855
_255_,5.84
net132,5.84
_351_,5.8
net9,5.8
net102,5.8
_361_,5.78
_044_,5.765
bank_cmd[1],5.75
precharge_cmd,5.75
row_cmd[11],5.75
row_cmd[9],5.75
_051_,5.725
_082_,5.725
_230_,5.68
_253_,5.68
_256_,5.68
net47,5.68
net65,5.68
net145,5.68
_014_,5.645
address[2],5.63
address[6],5.63
data_valid,5.63
_174_,5.6
_182_,5.6
_199_,5.6
_017_,5.525
net130,5.52
_038_,5.505
_042_,5.505
_068_,5.505
_165_,5.5
net131,5.5
net67,5.46
_093_,5.445
_052_,5.42
_184_,5.38
_191_,5.38
net125,5.38
_201_,5.34
_225_,5.34
_232_,5.34
_262_,5.34
net108,5.34
_101_,5.315
_029_,5.305
_228_,5.3
address[10],5.29
_095_,5.265
_204_,5.22
_314_,5.22
_358_,5.22
net30,5.22
net142,5.16
u_bank_manager.active_row_reg\[1\]\[0\],5.14
load_mode_cmd,5.07
read_data[11],5.07
_008_,5.045
_048_,5.045
_106_,5.045
_325_,5.04
net46,5
net55,5
address[20],4.95
address[22],4.95
read_data[0],4.95
read_data[10],4.95
net92,4.95
read_data[23],4.95
net82,4.92
net113,4.92
net136,4.92
net139,4.92
_250_,4.88
_336_,4.88
_032_,4.845
_094_,4.805
_257_,4.8
_011_,4.785
_018_,4.785
_354_,4.76
net63,4.76
_045_,4.7
_108_,4.7
address[21],4.61
address[7],4.61
net53,4.58
_189_,4.54
net60,4.54
_172_,4.48
_234_,4.46
_109_,4.455
_097_,4.44
_245_,4.42
net126,4.42
read_data[18],4.39
read_data[25],4.39
ready,4.39
req_ack,4.39
row_cmd[8],4.39
_019_,4.385
_117_,4.34
_242_,4.34
_252_,4.34
_266_,4.34
_269_,4.34
_346_,4.34
u_command_generator.request_column_reg\[1\],4.34
net101,4.34
_035_,4.295
_096_,4.285
_357_,4.28
column_cmd[0],4.27
net94,4.27
read_data[21],4.27
row_cmd[10],4.27
_027_,4.265
_104_,4.265
_099_,4.165
net51,4.08
_360_,4.02
_135_,4
net66,4
net104,4
net121,4
_028_,3.965
column_cmd[3],3.93
row_cmd[2],3.93
row_cmd[7],3.93
net89,3.93
_077_,3.925
_297_,3.9
_202_,3.88
_207_,3.88
_338_,3.88
net64,3.88
_079_,3.805
_046_,3.78
_041_,3.635
_324_,3.565
_328_,3.56
_177_,3.54
_251_,3.54
_292_,3.54
net107,3.54
_049_,3.465
_112_,3.465
_115_,3.42
_320_,3.42
_345_,3.42
net44,3.42
net52,3.42
_176_,3.38
_031_,3.345
_145_,3.32
_026_,3.245
_089_,3.245
net31,3.2
_024_,3.175
_107_,3.175
_111_,3.165
_318_,3.08
net118,3.08
_155_,3.06
_013_,3.045
_009_,3.005
_233_,2.98
_263_,2.98
_127_,2.96
_264_,2.96
_010_,2.88
_065_,2.785
_333_,2.76
net124,2.76
net42,2.74
net43,2.74
net59,2.74
_062_,2.715
_173_,2.64
_226_,2.62
_247_,2.62
_272_,2.62
_319_,2.62
net99,2.62
net143,2.62
_040_,2.595
_110_,2.595
_005_,2.585
_057_,2.585
_015_,2.545
_030_,2.545
_047_,2.545
_100_,2.545
_006_,2.52
_267_,2.52
_133_,2.5
_138_,2.5
_185_,2.5
_036_,2.485
_023_,2.42
_105_,2.42
_103_,2.355
_020_,2.325
_033_,2.325
_034_,2.325
_060_,2.325
_141_,2.3
_200_,2.28
_218_,2.18
_223_,2.18
net49,2.18
net54,2.18
_039_,2.16
_222_,2.16
_276_,2.16
_309_,2.16
net100,2.16
net117,2.16
net128,2.16
_050_,2.085
_080_,2.085
_074_,2.08
_037_,2.06
_229_,2.06
_235_,2.06
_237_,2.06
_331_,2.06
_198_,2.04
_203_,2.04
_238_,2.04
_003_,2.035
_021_,2.025
_022_,2.025
_025_,2.025
_056_,2.025
_054_,1.865
_084_,1.865
_098_,1.865
_152_,1.82
net35,1.82
_213_,1.8
_136_,1.48
_102_,1.405
_195_,1.38
_258_,1.38
_268_,1.38
_270_,1.38
_340_,1.38
_350_,1.38
net106,1.38
_303_,1.26
_178_,1.14
_332_,1.14
_121_,0.92
_192_,0.92
_274_,0.92
net105,0.92
net114,0.92
net120,0.92
net140,0.92
_254_,0.46
_296_,0.46
net112,0.46
net115,0.46
net127,0.46
net133,0.46
net135,0.46
